Country,1900-1949,1950-1979,1980-1999,2000-2025
United States of America,8,15,72,122
Jamaica,4,2,5,2
India,2,49,77,204
Cabo Verde,0,0,0,3
Myanmar,0,6,5,30
Niger,0,1,5,29
Bangladesh,0,14,44,46
Philippines,0,14,42,109
"China, Hong Kong Special Administrative Region",0,14,9,2
Greece,4,2,3,22
Spain,3,7,9,24
Haiti,0,4,16,49
Japan,4,20,11,28
France,3,4,16,43
Burkina Faso,0,1,5,18
Gambia,0,0,2,10
Guinea-Bissau,0,0,0,4
Mali,0,0,5,23
Mauritania,0,0,5,16
Senegal,0,2,6,16
Chad,0,0,6,18
China,9,10,84,224
Taiwan (Province of China),0,2,3,5
Canada,0,3,11,33
Tokelau,0,0,0,0
Netherlands (Kingdom of the),1,1,3,1
Anguilla,0,0,0,0
Germany Federal Republic,3,1,2,0
United Kingdom of Great Britain and Northern Ireland,2,2,8,28
Soviet Union,0,0,18,0
Romania,1,2,8,44
Bahamas,0,0,1,1
Pakistan,0,13,21,89
Cuba,0,1,14,11
Belgium,2,3,4,9
Algeria,1,8,11,33
Poland,1,1,5,10
Puerto Rico,0,1,2,6
Guadeloupe,0,0,1,0
Montserrat,0,0,0,0
Saint Kitts and Nevis,0,0,1,0
Dominican Republic,0,1,7,26
Fiji,0,1,2,7
Belize,0,1,2,2
Honduras,0,3,13,22
Trinidad and Tobago,0,0,2,2
El Salvador,0,0,6,12
Republic of Korea,0,13,10,21
New Zealand,1,5,20,17
New Caledonia,0,0,0,0
Vanuatu,0,0,0,2
Portugal,0,3,4,6
Cook Islands,0,0,0,0
Azores Islands,0,0,0,0
Albania,1,0,5,12
Bermuda,0,0,0,0
R¨¦union,0,0,0,0
T¨¹rkiye,2,5,12,31
Italy,0,9,8,36
Brazil,1,26,43,117
Guatemala,1,1,7,30
Antigua and Barbuda,0,0,0,0
Ecuador,0,8,7,29
Iran (Islamic Republic of),0,10,41,45
Comoros,0,0,0,2
Mexico,0,11,21,49
Morocco,0,11,5,19
Viet Nam,0,4,19,85
South Africa,0,5,11,41
Indonesia,0,19,54,212
Iraq,0,3,0,15
Netherlands Antilles,0,0,0,0
Egypt,0,3,5,6
Nepal,0,4,18,37
Barbados,0,1,1,0
Saint Vincent and the Grenadines,0,1,3,3
Australia,0,7,18,49
Lebanon,0,1,1,1
Dominica,0,0,0,0
Solomon Islands,0,0,0,5
Mozambique,0,6,5,33
Afghanistan,0,5,14,91
Sri Lanka,0,5,26,53
Canary Islands,0,0,0,3
French Polynesia,0,0,0,1
Argentina,0,7,20,43
Niue,0,0,0,0
Colombia,0,11,23,76
Saint Lucia,0,0,0,3
Martinique,0,0,0,0
Mauritius,0,0,0,1
Nicaragua,0,4,3,16
Tonga,0,0,0,0
Somalia,0,2,9,41
Thailand,0,4,25,74
Guam,0,0,0,0
Peru,0,7,18,53
Tunisia,0,7,3,8
Grenada,0,1,0,0
Jordan,0,3,3,2
Paraguay,0,4,9,17
Saudi Arabia,0,1,1,22
Kenya,0,4,5,55
United Republic of Tanzania,0,5,15,39
Panama,0,6,6,29
Yugoslavia,0,3,3,0
Samoa,0,0,0,1
Wallis and Futuna Islands,0,0,0,0
Chile,0,3,9,26
Malaysia,0,4,8,66
Bolivia (Plurinational State of),0,8,12,44
Botswana,0,1,2,9
Ethiopia,0,4,20,38
Togo,0,0,5,10
Mongolia,0,1,3,11
Lao People's Democratic Republic,0,5,8,19
American Samoa,0,0,0,1
Uruguay,0,1,4,20
Malawi,0,3,8,35
Syrian Arab Republic,0,2,0,5
Venezuela (Bolivarian Republic of),0,1,11,31
Uganda,0,0,2,36
Madagascar,0,0,2,11
Ghana,0,1,4,25
Lesotho,0,0,3,2
Suriname,0,1,0,4
Costa Rica,0,3,7,21
Cyprus,0,0,0,1
Benin,0,1,10,12
Yemen Arab Republic,0,2,1,0
Hungary,0,1,4,11
Guyana,0,1,2,7
Cameroon,0,0,4,16
Papua New Guinea,0,0,5,15
Kiribati,0,0,0,2
Tuvalu,0,0,0,0
People's Democratic Republic of Yemen,0,1,4,0
Central African Republic,0,1,5,15
Rwanda,0,1,1,27
Sierra Leone,0,0,1,11
Sudan,0,2,14,28
Zimbabwe,0,0,1,12
Denmark,0,0,0,0
Sweden,0,1,1,1
Austria,0,0,7,10
Switzerland,0,1,4,4
Oman,0,0,0,6
Djibouti,0,2,4,3
Zambia,0,1,2,22
Nigeria,0,0,8,55
Democratic Republic of the Congo,0,0,4,44
C?te d¡¯Ivoire,0,0,2,14
Guinea,0,0,2,16
Liberia,0,0,1,6
Bulgaria,0,0,1,24
Czechoslovakia,0,0,2,0
Angola,0,0,1,44
Namibia,0,0,0,18
Eswatini,0,0,0,3
Ireland,0,0,2,5
Luxembourg,0,0,2,1
Congo,0,0,3,13
Sao Tome and Principe,0,0,0,1
German Democratic Republic,0,0,0,0
Turks and Caicos Islands,0,0,0,0
Maldives,0,0,1,2
Democratic People's Republic of Korea,0,0,8,22
Micronesia (Federated States of),0,0,0,1
Cambodia,0,0,5,20
Gabon,0,0,1,2
Iceland,0,0,1,0
Burundi,0,0,1,32
United States Virgin Islands,0,0,0,0
Germany,0,0,6,12
Finland,0,0,0,1
Norway,0,0,1,4
Marshall Islands,0,0,0,2
Israel,0,0,2,3
Yemen,0,0,7,37
Serbia Montenegro,0,0,3,6
Tajikistan,0,0,6,28
Russian Federation,0,0,16,55
Ukraine,0,0,6,12
Lithuania,0,0,0,2
Eritrea,0,0,0,2
Kazakhstan,0,0,1,14
Belarus,0,0,3,2
"China, Macao Special Administrative Region",0,0,0,0
Turkmenistan,0,0,1,0
North Macedonia,0,0,1,10
Republic of Moldova,0,0,3,4
Bhutan,0,0,1,3
Azerbaijan,0,0,4,3
Georgia,0,0,4,16
Libya,0,0,1,3
British Virgin Islands,0,0,0,0
French Guiana,0,0,1,1
Czechia,0,0,3,14
Armenia,0,0,2,2
Slovakia,0,0,3,11
Seychelles,0,0,1,1
Kuwait,0,0,1,1
Kyrgyzstan,0,0,1,6
Bosnia and Herzegovina,0,0,0,21
Latvia,0,0,0,1
Croatia,0,0,0,14
Uzbekistan,0,0,0,3
Timor-Leste,0,0,0,5
Saint Helena,0,0,0,0
Cayman Islands,0,0,0,0
Northern Mariana Islands,0,0,0,0
Slovenia,0,0,0,6
Estonia,0,0,0,0
Serbia,0,0,0,20
Montenegro,0,0,0,4
South Sudan,0,0,0,16
State of Palestine,0,0,0,3
Palau,0,0,0,0
Saint Barth¨¦lemy,0,0,0,0
Saint Martin (French Part),0,0,0,0
Sint Maarten (Dutch part),0,0,0,0
United Arab Emirates,0,0,0,3
Qatar,0,0,0,1
Malta,0,0,0,0
Liechtenstein,0,0,0,0
Mayotte,0,0,0,0
Equatorial Guinea,0,0,0,1
